{"c": 1540, "fc": 15625000.0, "fs": 62500000.0, "lbd": 9.856e-05, "pitch": 0.0001, "width": 8.0001152e-05, "height": 0.0001, "nele": 128, "eleBW": 100, "BW": 100, "baffle": 1, "angles": [-0.0872664600610733, -0.06981316953897476, -0.05235987901687622, -0.03490658476948738, -0.01745329238474369, 0.0, 0.01745329238474369, 0.03490658476948738, 0.05235987901687622, 0.06981316953897476, 0.0872664600610733], "Npulse": 2, "DepthMax": 0.01, "Ntx": 11, "FastSim": 0, "dx": 2.464e-05, "dz": 2.464e-05, "Nx": 128, "Nz": 128, "theta": [-0.0872664600610733, -0.06981316953897476, -0.05235987901687622, -0.03490658476948738, -0.01745329238474369, 0.0, 0.01745329238474369, 0.03490658476948738, 0.05235987901687622, 0.06981316953897476, 0.0872664600610733], "sub": 4, "t0": -6.4e-08, "Zmin": 0.00290144, "Xmin": -0.0015646400000000002, "fnum": 1, "order": 2, "fsIQ": 15625000.0}